{
  "train_loss": [
    1.193248178386086,
    0.6320915858600044,
    0.5462854708903082,
    0.4847633790561213,
    0.46627889950695767,
    0.4345314828340116,
    0.41126269609306576,
    0.4062806188827217,
    0.38791320065141527,
    0.38573346775926115,
    0.37646426162345026,
    0.3761916925281755,
    0.36586274999266005,
    0.35945478303047484,
    0.3584263424297678,
    0.3528825676463895,
    0.3503503030856984,
    0.3477594381769757,
    0.3473610752860996,
    0.34524454106079666,
    0.34397004054700775,
    0.3372489440873664,
    0.33607860228407654,
    0.33127652951181563,
    0.3306264164058983,
    0.3269678652913821,
    0.31762719413638413,
    0.3189996645919448,
    0.3207867006070511,
    0.3136312815329827,
    0.3197557953061902,
    0.316640953943798,
    0.3165922456966011,
    0.3157430302526832,
    0.3137204997540954,
    0.3151159274968808,
    0.311958347752181,
    0.3094700408612749,
    0.3145842949589185,
    0.31051442519067773,
    0.3094898619536612,
    0.3092389196722018,
    0.30649753578490385,
    0.3076910581225035,
    0.3073423126960931,
    0.305163770979794,
    0.30436972600610557,
    0.3061844707282115,
    0.3059495809209171,
    0.3047590293285184,
    0.30491213158924546,
    0.3042152044235901,
    0.30401367083799746,
    0.30616150067709746,
    0.30391434709055815,
    0.3050331031020376,
    0.30287473129404086,
    0.30657585251244107,
    0.30593720413621234,
    0.3035690445119493,
    0.30201113978870364,
    0.3038717855029036,
    0.3059258073392105,
    0.3011930172776989,
    0.3034866692439891,
    0.30544355421753555,
    0.3043231435961722,
    0.3044954389647371
  ],
  "val_loss": [
    2.602039101319705,
    2.2383368820847873,
    2.079978418923571,
    2.0605899862392634,
    2.033989859057333,
    1.9927283137977003,
    1.9608248588317383,
    1.9896563143911725,
    1.9136598047130333,
    1.9325935133473429,
    1.9637961530972101,
    1.9150552870515354,
    1.914044175692694,
    1.9099023513182372,
    1.9080518346989084,
    1.9146233004415203,
    1.9061511224161887,
    1.8880402883212408,
    1.9038741171001672,
    1.8971790810625158,
    1.9040558286563667,
    1.910578022786754,
    1.9035450288432394,
    1.9167051069244354,
    1.8771886203953163,
    1.8612264256200237,
    1.859017590387073,
    1.8773910336121769,
    1.8767415395480598,
    1.85736157402008,
    1.8842703832653098,
    1.869786245263889,
    1.8658868380682263,
    1.8617069141181533,
    1.8740051842882541,
    1.8813451274841246,
    1.861365861835365,
    1.8552706026600931,
    1.86753579117731,
    1.8567712284042266,
    1.8576066117965149,
    1.8487187054926504,
    1.865580259678598,
    1.8467383110929347,
    1.8676338191978439,
    1.8738095378111264,
    1.8630942737411162,
    1.8634101779761916,
    1.8730949702864896,
    1.8680240618680903,
    1.8590901752273161,
    1.8710222009188666,
    1.8658939094008329,
    1.8627326994955182,
    1.8572703561228596,
    1.8645546041653007,
    1.8616387386360245,
    1.8689025085770294,
    1.8620433945932942,
    1.8662242176059731,
    1.862412819642581,
    1.8619616902185108,
    1.861737713737335,
    1.8631934405806547,
    1.8653000913784357,
    1.8582992711382542,
    1.8613573341904757,
    1.8615806801285677
  ],
  "val_acc": [
    0.12945891783567134,
    0.24248496993987975,
    0.39478957915831664,
    0.4148296593186373,
    0.4304609218436874,
    0.4977955911823647,
    0.5162324649298597,
    0.5150300601202404,
    0.5470941883767535,
    0.5575150300601203,
    0.5210420841683366,
    0.5715430861723447,
    0.5647294589178357,
    0.5851703406813628,
    0.5979959919839679,
    0.6028056112224449,
    0.5891783567134269,
    0.5919839679358717,
    0.6092184368737475,
    0.627254509018036,
    0.6176352705410821,
    0.6128256513026052,
    0.6192384769539078,
    0.6168336673346694,
    0.6428857715430861,
    0.6428857715430861,
    0.6521042084168337,
    0.6336673346693387,
    0.6517034068136273,
    0.657314629258517,
    0.6476953907815631,
    0.6472945891783567,
    0.6452905811623246,
    0.6452905811623246,
    0.6525050100200401,
    0.643687374749499,
    0.6593186372745491,
    0.6641282565130261,
    0.6589178356713427,
    0.6629258517034068,
    0.660120240480962,
    0.6581162324649299,
    0.6593186372745491,
    0.662124248496994,
    0.6569138276553106,
    0.6637274549098197,
    0.6609218436873747,
    0.660120240480962,
    0.662124248496994,
    0.6629258517034068,
    0.6645290581162324,
    0.6641282565130261,
    0.6657314629258517,
    0.6701402805611223,
    0.6669338677354709,
    0.6685370741482966,
    0.6685370741482966,
    0.6697394789579159,
    0.6645290581162324,
    0.6669338677354709,
    0.6657314629258517,
    0.6725450901803607,
    0.668937875751503,
    0.6665330661322645,
    0.6693386773547094,
    0.6669338677354709,
    0.6657314629258517,
    0.6677354709418838
  ],
  "val_f1": [
    0.15968029996922078,
    0.22816056548719713,
    0.3176375507663235,
    0.34196963906900624,
    0.3420290251491733,
    0.38256353580505814,
    0.4008815788079931,
    0.40835851311471644,
    0.4233804725032157,
    0.42554994251600786,
    0.41609518610747503,
    0.4375589033183496,
    0.4377732146873113,
    0.44946756696977547,
    0.45999188054975554,
    0.4614993621924007,
    0.442980724980062,
    0.4672660061458868,
    0.4561895894048521,
    0.4720786284667125,
    0.4627618576322592,
    0.46459550173704567,
    0.46967122415077234,
    0.46080525813608747,
    0.4728835253183261,
    0.4813852101562505,
    0.485394880108824,
    0.47153348271446816,
    0.48139397592997357,
    0.48563299557065753,
    0.4904842021256819,
    0.488624762639945,
    0.475062334612249,
    0.4800543743331197,
    0.4953408324454426,
    0.4823437999479345,
    0.4849763897064502,
    0.49152733163122747,
    0.4927969267209056,
    0.49758761603341595,
    0.4924344931675689,
    0.4884232930168378,
    0.4932029314154719,
    0.49817603095417956,
    0.488165776446119,
    0.49958644896233706,
    0.4904898933498164,
    0.4893794999762184,
    0.4920448243416758,
    0.4966140028036726,
    0.49223869304209816,
    0.4979413356881731,
    0.503893170878471,
    0.5004490199317252,
    0.5001320321310174,
    0.5021824428454349,
    0.5025268569466107,
    0.5064922896264975,
    0.4980301083785449,
    0.5040050681568746,
    0.5007207167924931,
    0.5021648422521267,
    0.5064900463872573,
    0.49962587750139054,
    0.49938758949008555,
    0.496709730000171,
    0.49794037106661615,
    0.49836533266123867
  ],
  "lr": [
    0.001,
    0.001,
    0.001,
    0.001,
    0.001,
    0.001,
    0.001,
    0.001,
    0.001,
    0.001,
    0.001,
    0.001,
    0.001,
    0.001,
    0.001,
    0.001,
    0.001,
    0.001,
    0.001,
    0.001,
    0.001,
    0.001,
    0.001,
    0.001,
    0.0005,
    0.0005,
    0.0005,
    0.0005,
    0.0005,
    0.0005,
    0.0005,
    0.0005,
    0.0005,
    0.0005,
    0.0005,
    0.0005,
    0.0005,
    0.0005,
    0.0005,
    0.00025,
    0.00025,
    0.00025,
    0.00025,
    0.00025,
    0.00025,
    0.00025,
    0.00025,
    0.00025,
    0.00025,
    0.00025,
    0.000125,
    0.000125,
    0.000125,
    0.000125,
    0.000125,
    0.000125,
    0.000125,
    6.25e-05,
    6.25e-05,
    6.25e-05,
    6.25e-05,
    6.25e-05,
    3.125e-05,
    3.125e-05,
    3.125e-05,
    3.125e-05,
    1.5625e-05,
    1.5625e-05
  ]
}